sample,TP53-mut  (37%),CNV GI  (28%),EBV  (6%),PFDN4-cnv  (5%),CCNE1-cnv  (12%),ROBO2-cnv  (3%),GATA6-cnv  (6%),ERBB2-cnv  (7%),SLC25A13-cnv  (4%),MET-cnv  (2%),KRAS-cnv  (3%),EGFR-cnv  (3%),MDM2-cnv  (4%),CCND1-cnv  (4%),TP53-cnv  (10%),PTEN-cnv  (7%),CDKN2A-cnv  (13%),RB1-cnv  (6%),1p,1q,2p,2q,3p,3q,4p,4q,5p,5q,6p,6q,7p,7q,8p,8q,9p,9q,10p,10q,11p,11q,12p,12q,13q,14q,15q,16p,16q,17p,17q,18p,18q,19q,20p,20q,21p,21q,22q,pStage,Lauren histology,Differentiation
164,0,0,0,0,1,0,0,0,0,0,0,0,0,0,0,0,0,0,0,0,0,0,0,0,0,0,0,0,0,0,0,0,0,0,0,0,0,0,0,0,0,0,0,0,0,0,0,0,0,0,0,0,0,0,0,0,0,3,2,1
244,0,0,0,0,0,0,0,1,0,0,0,0,0,0,0,0,-1,0,0,0,0,0,0,0,0,0,0,0,0,0,0,0,0,0,0.61,0,0,0,0,0,0,0,0,0,0,0,0,0,0,0,0,0,0,0,0,0,0,3,1,2
253,0,0,0,0,0,0,0,0,0,0,0,0,0,0,0,0,0,0,0,0,0,0,0,0,0,0,0,0,0,0,0,0,0,0,0,0,0,0,0,0,0,0,0,0,0,0,0,0,0,0,0,0,0,0,0,0,0,4,2,NaN
469,0,0,0,1,0,0,0,0,0,0,0,0,0,0,0,0,0,0,0,0,0,0,0,0,0,0,0,0,0,0,0,0,0,0,0,0,0,0,0,0,0,0,0,0,0,0,0,0,0,0,0,0,0,0,0,0,0,3,1,2
471,0,0,0,0,0,0,0,0,0,0,0,0,0,0,0,0,0,-1,0,0,0,0,0,0,0,0,0,0,0.53,0,0,0,0,0,0,0,0,0,0,0,0,0,0,0,0,0,-0.85,0,0,-0.69,0,0,0,0,0,0,0,2,2,NaN
114,0,0,0,0,0,0,0,0,0,0,0,0,0,0,0,0,0,0,0,0,0,0,0,0,0,0,0,0,0,0,0,0,0,0,0,0,0,0,0,0,0,0,0,0,0,0,0,0,0,0,0,0,0,0,0,0,0,2,2,1
186,0,0,0,0,0,0,0,0,0,0,0,0,0,0,0,0,0,0,0,0,0,0,0,0,0,0,0,0,0,0,0,0,0,0,0,0,0,0,0,0,0,0,0,0,0,0,0,0,0,0,0,0,0,0,0,0,0,3,2,1
212,0,0,0,0,0,0,0,0,0,0,0,0,0,0,0,0,0,0,0,0,0,0,0,0,0,0,0,0,0,0,0,0,0,0,0,0,0,0,0,0,0,0,0,0,0,0,0,0,0,0,0,0,0,0,0,0,0,3,2,1
228,0,0,0,0,0,0,0,0,0,0,0,0,0,0,0,0,0,0,0,0,0,0,0,0,0,0,0,0,0,0,0,0,0,0,0,0,0,0,0,0,0,0,0,0,0,0,0,0,0,0,0,0,0,0,0,0,0,3,1,2
299,0,0,0,0,0,0,0,0,0,0,0,0,0,0,0,0,0,0,0,0,0,0,0,0,0,0,0,0,0,0,0,0,0,0,0,0,0,0,0,0,0,0,0,0,0,0,0,0,0,0,0,0,0,0,0,0,0,3,2,1
39,0,0,0,0,0,0,0,1,0,0,0,0,0,0,-1,0,0,0,0,0,0,0,0,0,0,0,0,0,0,0,0,0,0,0,0,0,0,0,0,0,0,0,0,0,0,0,0,0,1.08,0,0,0,0,0,0,0,0,4,1,2
75,0,0,0,0,0,0,0,0,0,0,0,0,0,0,0,0,0,0,0,0,0,0,0,0,0,0,0,0,0,0,0,0,0,0,0,0,0,0,0,0,0,0,0,0,0,0,0,0,0,0,0,0,0,0,0,0,0,2,2,1
81,0,0,0,0,0,0,0,0,0,0,0,0,0,0,0,0,0,0,0,0,0,0,0,0,0,0,0,0,0,0,0,0,0,0,0,0,0,0,0,0,0,0,0,0,0,0,0,0,0,0,0,0,0,0,0,0,0,2,2,1
83,0,0,0,0,0,0,0,0,1,0,0,0,0,0,0,0,-1,0,0,0,0,0,-0.55,0,0,0,0,0,0,0,0,1.2,1.03,0,-0.91,0,0,0,0,0,1.11,-1.01,0,-0.63,0,0,0,0,0,0,-0.62,-0.6,0,0,0,0,0,2,2,1
502,0.15,0,0,0,0,0,0,0,0,0,0,0,0,0,0,0,0,0,0,0,0,0,0,0,0,0,0,0,0,0,0,0,0,0,0,0,0,0,0,0,0,0,0,0,0,0,0,0,0,0,0,0,0.81,0,0,0,0,2,1,2
448,0.15,0,0,0,0,0,0,0,0,0,0,0,0,0,0,0,0,0,0,0,0,0,0,0,0,0,0,0,0,0,0,0,0,0,0,0,0,0,0,1.23,0,0,0,0,0,0,0,0,0,0,0,0,0,0,0,0,0,4,2,1
480,0.16,0,0,0,0,0,0,0,0,0,0,0,0,1,0,0,0,0,0,0,0,0,0,0,0,0,0,0,0,0,0,0,0,0,0,0,0,0,0,0,0,0,0,0,0,0,0,0,0,0,0,0,0,0,0,0,0,3,1,2
550,0.16,0,0,0,0,0,0,0,0,0,0,0,0,0,0,0,0,0,0,0,0,0,0,0,0,0,0,0,0,0,0,0,0,0,0,0,0,0,0,0.54,0,0,0,0,0,0,0,0,0,0,0,0,0,0,0,0,0,3,2,1
319,0.17,0,0,0,0,0,0,1,0,0,0,0,0,0,0,0,0,0,0,0,0,0,0,0,0,0,0,0,0,0,0,0,0,0,0,0,0,0,0,0,0,0,0,0,0,0,0,0,0,0,0,0,0,0,0,0,0,4,1,2
288,0.19,0,0,0,0,0,0,0,0,0,0,0,0,0,0,0,0,0,0,0,0,0,0,0,0,0,0,0,0,0,0,0,0,0,0,0,0,0,0,0,0,0,0,0,0,-0.58,0,0,0,0,0,0,0,0,0,0,0,4,2,NaN
95,0.2,0,0,0,0,0,0,0,0,0,0,0,0,0,-1,0,0,0,0,0,0,0,0,0,0,0,0,0,0,0,0,0,0,0,0,0,0,0,0,0,0,0,0,0,0,0,0,0,0,0,0,0,0,0,0,0,0,4,2,1
175,0.23,0,0,0,1,0,0,0,0,0,0,0,0,0,0,0,0,0,0,0,0,0,0,0,0,0,0,0,0,0,0,0,0,0,0,0,0,0,0,0,0,0,0,0,0,0,0,0,0,0,0,0,0,0,0,0,0,2,1,1
592,0.24,0,0,0,0,0,0,0,0,1,0,0,0,0,0,0,0,0,0,0,0,0,0,0,0,0,0,0,0,0,0,0,0,0,0,0,0,0,0,0,0,0,0,0,0,0,0,0,0,0,0,0,0,0,0,0,0,4,2,1
189,0.27,0,0,1,0,0,0,0,0,0,0,0,0,0,0,0,0,0,0,0,0,0,0,0,0,0,0,0,0,0,0,0,0,0,0,0,0,0,0,0,0,0,0,0,0,0,0,0,0,0,0,0,0,0,0,0,0,4,2,2
105,0.29,0,0,0,0,0,0,0,0,0,0,0,0,0,-1,0,0,0,0,0,0,0,0,0,0,0,0,0,0,0,0,0,0,0,0,0,0,0,0,0,0,0,0,0,0,0,0,0,0,0,0,0,0,0,0,0,0,2,1,2
447,0.29,0,0,0,0,0,0,0,0,0,0,0,0,0,0,0,0,0,0,0,0,0,0,0,0,0,0,0,0,0,0,0,0,0,0,0,0,0,0,0,0,0,0,0,0,0,0,0,0,0,0,0,0,0,0,0,0,2,2,1
520,0.32,0,0,0,0,0,0,0,0,0,0,1,0,0,0,0,0,0,0,0,0,0,0,0,0,0,0,0,0,0,0,0,0,0,0,0,0,0,0,0,0,0,0,0,0,0,0,0,0,0,0,0,0,0,0,0,0,1,1,2
236,0.35,0,0,0,0,0,0,0,0,0,0,0,0,0,0,0,0,0,0,0,0,0,0,0,0,0,0,0,0,0,0,0,0,0,0,0,0,0,0,0,0,0,0,0,0,0,0,0,0,0,0,0,0,0,0,0,0,3,2,2
139,0.38,0,0,0,0,0,0,0,0,0,0,1,0,0,-1,0,0,0,0,0,0,0,0,0,0,0,0,0,0,0,0,0,0.58,0,0,0,0,0,0,0,0,0,0,0,0,0,0,0,0,0,0,0,0,0,0,0,0,NaN,1,3
588,0.39,0,0,0,0,0,0,1,0,0,0,0,0,0,0,0,0,0,0,0,0,0,0,0,0,0,0,0,0,0,0,0,0,0,0,0,0,0,0,0,0,0,0,0,0,0,0,-0.71,0,0,0,0,0,0,0,0,0,2,2,NaN
16,0.41,0,0,0,0,0,0,1,0,0,0,0,0,0,0,0,0,0,0,0,0,0,0,0,0,0,0,0,0,0,0,0,-0.61,0,0,0,0,0,0,0,0,0,0,0,0,0,0,-0.65,0.66,-1.07,-1.19,0,0,0,0,0,0,4,1,2
121,0.47,0,0,0,0,0,0,0,0,0,0,0,0,0,0,0,0,0,-0.62,0,0,0,0,0,0,0,0,0,1.36,0,0.89,0,0,0,0,-0.59,0,-1.22,0,0,0,-0.99,0.79,0,0,0,-0.58,0,0,0,0,-0.69,0,0,0,0,-0.66,2,1,3
197,0.52,0,0,0,0,0,0,0,0,0,0,0,0,0,0,0,-1,0,0,0,0,0,0,0,0,0,0,-0.6,0,0,0,0,0,0,0,0,0,0,0,0,0,0,0,0,0,0,0,0,0,0,0,0,0,0.54,0,0,0,2,2,NaN
238,0.56,0,0,0,0,0,0,0,0,0,0,0,0,0,0,0,0,0,0,0,0,0,0,0,-0.96,0,0,0,0,0,0,0,-0.98,0.89,0,0,0,0,0,0,0,0,0,0,0,0,0,-0.67,0,-1.16,-1.13,0,0.6,0,0,0,0,4,2,2
424,0.6,0,0,0,0,0,0,0,0,0,0,0,0,0,0,0,0,0,0,0,0,0,0,0,0,0,0,0,0.65,0,0,0,0,0,0,0,0,0,0,0,0,0,0,0,0,0,0,-0.74,0,0,0,0,0.84,0.76,0,0,0,2,1,2
109,0,0,0,0,0,0,0,0,0,0,0,0,0,0,-1,0,0,0,0,0,0,0,0,0,0,0,0,0,0,0,0,0,0,0,0,0,0,0,0,0,0,0,0,0,0,0,0,0,0,0,0,0,0,0,0,0,0,2,2,1
168,0,0,0,0,0,0,0,0,0,0,0,0,0,0,0,0,0,0,0,0,0,0,0,0,0,0,0,0,0,0,0,0,0,0,0,0,0,0,0,0,0,0,0,0,0,0,0,0,0,0,0,0,0,0,0,0,0,3,2,1
327,0,0,0,0,0,0,0,0,0,0,0,0,0,0,0,0,0,0,0,0,0,0,0,0,0,0,0,0,0,0,0,0,0,0,0,0,0,0,0,0,0,0,0,0,0,0,0,0,0,0,0,0,0,0,0,0,0,3,2,NaN
441,0,0,0,0,0,0,0,0,0,0,0,0,0,0,0,0,0,0,0,0,0,0,0,0,0,0,0,0,0,0,0,0,0,0,0,0,0,0,0,0,0,0,0,0,0,0,0,0,0,0,0,0,0,0,0,0,0,3,1,2
445,0,0,0,0,0,0,0,0,0,0,0,0,0,0,-1,-1,-1,0,0,0,0,0.74,-0.83,0,0,-0.78,1.29,0,0,-0.89,0,0,0,0,0,0,0,0,-1.35,-0.6,0,0,0,-1.74,0,0,0,0,0,0,-1.13,0,0,0.76,0,-1.23,0,2,2,1
532,0,0,0,0,0,0,0,0,0,0,0,0,0,0,0,0,-1,-1,-1.68,0,0,-1.34,0,0,0,0,0,0,0,0,0,0,-0.93,0,0,0,-0.87,0.57,0,0,-1.33,0,0.65,0,0,0,-0.9,-0.57,0,0,0,0,0,0,0,0,0,3,1,2
534,0,0,0,0,0,0,0,0,0,0,0,0,0,0,0,0,0,0,0,0,0,0,0,0,0,0,0,0,0,0,0,0,0,0,0,0,0,0,0,0,0,0,0,0,0,0,0,0,0,0,0,0,0,0,0,0,0,2,2,1
538,0,0,0,0,0,0,0,0,0,0,0,0,0,0,0,0,0,0,0,0,0,0,0,0,0,0,0,0,0,0,0,0,0,0,0,0,0,0,0,0,0,0,0,0,0,0,0,0,0,0,0,0,0,0,0,0,0,3,2,1
561,0,0,0,0,0,0,0,0,0,0,0,0,0,0,0,0,0,0,0,0,0,0,0,0,0,0,0,0,0,0,0,0,0,0,0,0,0,0,0,0,0,0,0.75,0,0,0,0,0,0,0,0,0,0,0,0,0,0,1,1,2
101,0,0,0,0,0,0,0,0,0,0,0,0,0,0,0,0,0,0,0,0,0,0,0,0,0,0,0,0,0,0,0,0,0,0,0,0,0,0,0,0,0,0,0,0,0,0,0,0,0,0,0,0,0,0,0,0,0,4,1,1
117,0,0,0,0,0,0,0,0,0,0,0,0,0,0,0,0,0,0,0,0,0,0,0,0,0,0,0,0,0,0,0,0,0,0,0,0,0,0,0,0,0,0,0,0,0,0,-0.7,0,0,0,0,0,0,0,0,0,0,2,2,1
133,0,0,0,0,0,0,0,0,0,0,0,0,0,0,-1,0,0,0,0,0,0,0,0,0,0,0,0,0,0,0,0,0,0,0,0,0,0,0,0,0,0,0,0,0,0,0,0,0,-0.57,0,0,0,0,0,0,0,0,2,2,NaN
141,0,0,0,0,0,0,0,0,0,0,0,0,0,0,-1,0,0,0,0,0,0,0,0,0,0,0,0,0,0,0,0,0,0,0,0,0,0,0,0,0,0,0,0,0,0,-0.53,0,0,0,0,0,0,0,0,0,0,0,3,2,0
154,0,0,0,0,0,0,0,0,0,0,0,0,0,0,0,0,0,0,0,0,0,0,0,0,0,0,0,0,0,0,0,0,0,0,0,0,0,0,0,0,0,0,0,0,0,0,0,0,0,0,0,0,0,0,0,0,0,3,1,2
201,0,0,0,0,0,0,0,0,0,0,0,0,0,0,0,0,0,0,0,0,0,0,0,0,0,0,0,0,0,0,0,0,0,0,0,0,0,0,0,0,0,0,0,0,0,0,0,0,0,0,0,0,0,0,0,0,0,3,2,1
227,0,0,0,0,0,0,0,0,0,0,0,0,0,0,0,0,0,0,0,0,0,0,0,0,0,0,0,0,0,0,0,0,0,0,0,0,0,0,0,0,0,0,0,0,0,0,0,0,0,0,0,0,0,0,0,0,0,4,2,1
35,0,0,0,0,0,0,0,0,0,0,0,0,0,0,0,0,0,0,0,0,0,0,0,0,0,0,0,0,0,0,0,0,0,0,0,0,0,0,0,0,0,0,0,0,0,0,0,0,0,0,0,0,0,0,0,0,0,3,1,2
53,0,0,0,0,0,0,0,0,0,0,0,0,0,0,0,0,0,0,0,0,0,0,0,0,0,0,0,0,0,0,0,0,0,0,0,0,0,0,0,0,0,0,0,0,0,0,0,0,-0.65,0,0,-0.61,0,0,0,0,0,3,1,3
84,0,0,0,0,0,0,0,0,0,0,0,0,0,0,0,0,0,0,0,0,0,0,0,0,0,0,0,0,0,0,0,0,0,0,0,0,0,0,0,0,0,0,0,0,0,0,0,0,0,0,0,0,0,0,0,0,0,2,1,2
89,0,0,0,0,0,0,0,0,0,0,0,0,0,0,0,0,0,0,0,1.05,0,0,0,0,0,0,0,0,0,0,0,0,0,0,0,0,0,0,0,-0.73,0,0,0,0,0,0,0,0,0,0,0,0,0,0,1.54,0,0,2,1,3
94,0,0,0,0,0,0,0,0,0,0,0,0,0,0,0,0,0,0,0,0,0,0,0,0,0,0,0,0,0,0,0,0,0,0,0,0,0,0,0,0,0,0,0,0,0,0,0,0,0,0,0,0,0,0,0,0,0,3,1,2
341,0.24,0,0,0,1,0,0,0,0,0,0,0,0,0,0,0,0,0,0,0,0,0,0,0,0,0,0,0,0,0,0,0,0,0,0,0,0,0,0,0,0,0,0,0,0,0,0,0,0,0,0,0,0,0,0,0,0,2,2,1
416,0.25,0,0,0,0,0,0,0,0,0,0,0,0,0,0,0,0,0,0,0.62,0,0,0,0,0,0,0,0,0,0,0,0,0.53,0,0,0,0,0,0,0,0,0,0,0,0,0,0,0,0,0,0,0,0,0,0,0,0,4,2,1
77,0.26,0,0,0,0,0,1,0,1,0,0,0,0,0,0,0,0,0,-1.08,0,0,0,0,0,0,0,0,0,0,0,0,0.89,0,0,0,0,0,0,0,0,0,0,0,0,0,0,-0.91,-0.62,0,0,0.82,0,0,0,0,0,-0.89,2,2,1
113,0.33,0,0,0,0,0,0,0,0,0,0,0,1,0,0,0,0,-1,0,0,0,0,0,0,0,0,0,0,0,0,0,0,0,0,0,0,0,0,0,0,0,0,0,0,0,0,-0.65,-0.63,-0.81,0,0,0,0,0,0,0,-0.79,2,2,1
483,0.35,0,0,0,0,0,0,0,0,0,0,0,0,0,0,0,0,0,0,0,0,0,0,0,0,0,0,0,0,0,0,0,0,0,0,0,0,0,0,0,0,0,0,0,0,0,0,0,0,0,0,0,0,0,0,0,0,2,1,2
47,0.39,0,0,0,1,0,0,0,0,0,1,0,0,0,0,0,0,0,0,0.76,0,0,0,0,0,0,0,0,0,0.66,0,0,0,0,-0.57,-1.49,0,0.56,0,0,0,0,0,0,0.67,0,0,-0.67,0,0,0,0,0,0,0,-0.7,0,3,1,1
514,0.39,0,0,0,0,0,0,0,0,0,0,0,0,0,0,0,0,0,0,0,0,0,0,0,0,0,0,0,0,0,0,0,0,0,0,0,0,0,0,0,0,0,0,0,0,0,0,0,0,0,0,0,0,0,0,0,0,2,2,1
86,0.39,0,0,0,0,0,0,0,0,0,0,0,0,0,0,0,0,0,0,0,0,0,0,0,0,0,0,0,0,0,0,0,0,0,0,0,0,0,0,0,0,0,0,0,0,0,0,0,0,0,0,0,0,0,0,0,0,2,1,2
169,0.42,0,0,0,0,0,0,0,0,0,0,0,0,0,0,0,0,0,0,0,0,0,0,0,0,0,0,0,0,0,0,0,0,0,0,0,0,0,0,0,0,0,0,0,0,0,0,0,0,0,0,0,0,0,0,0,0,3,2,1
107,0,0,0,0,0,0,0,0,0,0,0,0,0,0,0,0,0,0,0,0,0,0,0,0,0,0,0,0,0,0,0,0,0.9,0.7,0,0,0,0,0,0,0,0,0,0,0,0,0,0,0,0,0,0,0,0,0,0,0,2,1,2
160,0,0,0,0,0,0,0,0,0,0,0,0,0,0,0,0,0,0,0,0,0,0,0,0,0,0,0,0,0,0,0,0,0,0,0,0,0,0,0,0,0,0,0,0,0,0,0,0,0,0,0,0,0,0,0,0,0,2,2,1
255,0,0,0,0,0,0,0,0,0,0,0,0,0,0,0,0,0,0,0,0,0,0,0,0,0,0,0,0,0,0,0,0,0,0,0,0,0,0,0,0,0,0,0,0,0,0,0,0,0,0,0,0,0,0,0,0,0,2,1,1
399,0,0,0,0,0,0,0,0,0,0,0,0,0,0,-1,0,0,0,0,0,0,0,0,0.57,0,0,0,0,0,0,0,0,0,0,0,0,0,0,0,0,0,0,0,0,0,0,0,0,0,0,0,0,0,0,0,0,0,1,1,1
402,0,0,0,0,0,0,0,0,0,0,0,0,0,0,0,0,0,0,0,0,0,0,0,0,0,0,0,0,0,0,0,0,0,0,0,0,0,0,0,0,0,0,0,0,0,0,0,0,0,0,0,0,0,0,0,0,0,3,2,NaN
465,0,0,0,0,0,0,0,0,0,0,0,0,0,0,0,0,0,0,0,0,0,0,0,0,0,0,0,0,0,0,0,0,0,0,0,0,0,0,0,0,0,0,0,0,0,0,0,0,0,0,0,0,0,0,0,0,0,1,1,2
485,0,0,0,0,0,0,0,0,0,0,0,0,0,0,0,0,0,0,0,0,0,0,0,0.56,0,0,0,0,0,0,0,0,0,0,0,0,0,0,0,0,0,0,0,0,0,0,0,0,0,0,0,0,0,0,0,0,0,1,3,1
501,0,0,0,0,0,0,0,0,0,0,0,0,0,0,0,0,0,0,0,0,0,0,0,0,0,0,0,0,0,0,0,0,0,0,0,0,0,0,0,0,0,0,0,0,0,0,0,0,0,0,0,0,0,0,0,0,0,1,1,2
505,0,0,0,0,1,0,0,0,0,0,0,0,0,0,-1,0,0,0,0,0,0,0,-0.67,0,0,0,0,0,0,0,0,0,0,0,0,0,0,0,0,0,0,0,0,0,0,0,0,0,0.89,0,0,-0.89,0,0,-1.47,-0.58,0,3,1,2
516,0,0,0,0,0,0,0,0,0,0,0,0,0,0,0,0,0,0,0,0,0,0,0,0,0,0,0,0,0,0,0,0,0,0,0,0,0,0,0,0,0,0,0,0,0,0,0,0,0,0,0,0,0,0,0,0,0,2,1,2
529,0,0,0,0,0,0,0,0,0,0,0,0,0,0,0,0,0,0,0,0,0,0,0,0,0,0,0,0,0,0,0,0,0,0,0,0,0,0,0,0,0,0,0,0,0,0,0,0,0,0,0,0,0,0,0,0,0,1,2,0
595,0,0,0,0,0,0,0,0,0,0,0,0,0,0,0,0,0,0,0,0,0,0,0,0,0,0,0,0,0,0,0,0,0,0,0,0,0,0,0,0,0,0,0,0,0,0,0,0,0,0,0,0,0,0,0,0,0,2,2,1
106,0,0,0,0,0,0,0,0,0,0,0,0,0,0,0,0,0,0,0,0,0,0,0,0,0,0,0,0,0,0,0,0,0,0,0,0,0,0,0,0,0,0,0,0,0,0,0,0,0,0,0,0,0,0,0,0,0,2,2,1
144,0,0,0,0,0,0,0,0,0,0,0,0,0,0,0,0,0,0,0,0,0,0,0,0,0,0,0,0,0,0,0,0,0,0,0,0,0,0,0,0,0,0,0,0,0,0,0,0,0,0,0.57,0,0,0,0,0,0,2,1,2
150,0,0,0,0,0,0,0,0,0,0,0,0,0,0,0,0,0,0,0,0,0,0,0,0,0,0,0,0,0,0,0,0,0,0,0,0,0,0,0,0,0,0,0,0,0,0,0,0,0,0,0,0,0,0,0,0,0,2,2,1
177,0,0,0,0,0,0,0,0,0,0,0,0,0,0,0,0,0,0,0,0,0,0,0,0,0,0,0,0,0,0,0,0,0,0,0,0,0,0,0,0,0,0,0,0,0,0,0,0,0,0,0,0,0,0,0,0,0,2,1,2
1,0,0,0,0,0,0,0,0,0,0,0,0,0,0,0,0,0,0,0,0,0,0,0,0,0,0,0,0,0,0,0,0,0,0.64,0,0,0,0,0,0,0,0,0,0,0,0,0,0,0,0,0,0,0,0,0,0,0,3,1,2
205,0,0,0,0,0,0,0,0,0,0,0,0,0,0,0,0,0,0,0,0,0,0,0,0,0,0,0,0,0,0,0,0,0,0,0,0,0,0,0,0,0,0,0,0,0,0,0,0,0,0,0,0,0,0,0,0,0,3,2,1
241,0,0,0,0,0,0,0,0,0,0,0,0,0,0,0,0,0,0,0,0,0,0,0,0,0,0,0,0,0,0,0,0,0,0,0,0,0,0,0,0,0,0,0,0,0,0,0,0,0,0,0,0,0,0,0,0,0,3,2,NaN
24,0,0,0,0,0,0,0,0,0,0,0,0,0,0,-1,0,0,0,0,0,0,0,0,0,0,0,0,0,0,0,0,0,0,0,0,0,0,0,0,0,0,0,0,0,0,0,0,0,0,0,0,-0.55,0,0,0,0,0,3,3,2
41,0,0,0,0,0,0,0,0,0,0,0,0,0,0,0,0,0,0,0,0,0,0,0,0,0,0,0,0,0,0,0,0,0,0,0,0,0,0,0,0,0,0,0,0,0,0,0,0,0,0,0,0,0,0,0,0,0,3,2,1
51,0,0,0,0,0,0,0,0,0,0,0,0,0,0,0,0,0,0,0,0,0,0,0,0,0,0,0,0,0,0,0,0,0,0,0,0,0,0,0,0,0,0,0,0,0,0,0,0,0,0,0,0,0,0,0,0,0,4,1,2
78,0,0,0,0,0,0,0,0,0,0,0,0,0,0,0,0,0,0,0,1.48,0,0,0,0,0,0,0,0,0,0,0,0,0,0,0,0,0,0,0,0,0,0,0,0,0,0,0,0,0,0,0,0,0,0,0,0,0,2,1,2
97,0,0,0,0,0,0,0,0,0,0,0,0,0,0,0,0,0,0,0,0,0,0,0,0,0,0,0,0,0,0,0,0,0,0,0,0,0,0,0,0,0,0,0,0,-1.94,0,0,-0.68,0,-1.25,1.31,0,0,0,0,-0.68,0,2,1,3
82,0,0,0,0,0,0,0,0,0,0,0,0,0,0,0,0,0,0,0,0,0,0,0,0,0,0,0,0,0,0,0.79,0,0,0,0,0,0,0,0,0,0,0,0.73,0,0,0,0,0,0,0,0,0,0,0,0,0,0,2,1,2
87,0,0,0,0,0,0,0,0,0,0,0,0,0,0,0,0,0,-1,0,0,0,0,0,0,0,0,0,0,0,0,0,0,0,0,0,0,0,0,0,0,0,0,0,0,0,0,0,0,0,0,0,0,0,0,0,0,0,2,1,2
397,0.16,0,0,0,0,0,0,0,0,0,0,0,0,0,0,0,0,0,0,0,0,0,0,0,0,0,0,0,0,0,0,0,0,0,0,0,0,0,0,0,0,0,0,0,0,0,0,0,0,0,0,0,0,0,0,0,0,1,1,1
275,0.17,0,0,0,0,0,0,0,0,0,0,0,0,0,0,0,0,0,0,0,0,0,0,0,0,0,0,0,0,0,0,0,0.6,0,0,0,0,0,0,0,0,0,0,0,0,0,0,0,0,0,0,0,0,0,0,0,0,2,2,1
596,0.18,0,0,0,0,0,0,0,0,0,0,0,0,0,0,0,0,0,0,0,0,0,0,0,0,0,0,0,0,0,0,0,0,0,0,0,0,0,0,0,0,0,0,0,0,0,0,0,0,0,0,0,0,0,0,0,0,3,2,1
571,0.2,0,0,0,0,0,0,0,0,0,0,0,0,0,0,0,0,0,0,0,0,0,0,0,0,0,0,0,0,0,0,0,0,0,0,0,0,0,0,0,0,0,0,0,0,0,0,0,0,0,0,0,0,0,0,0,0,1,1,1
517,0.27,0,0,0,0,0,0,0,0,0,0,0,0,0,0,0,0,0,0,0,0,0,0,0,0,0,0,0,0,0,0,0,0,0,0,0,0,0,0,0,0,0,0,0,0,0,0,0,0,0,0,0,0,0,0,0,0,2,1,2
11,0.29,0,0,0,0,0,0,0,0,0,0,0,0,0,0,0,0,0,0,0,0,0,0,0,0,0,0,0,0,0,0,0,0,0,0,0,0,0,0,0,0,0,0,0,0,0,0,0,0,0,0,0,0,0,0,0,0,3,1,1
172,0.53,0,0,0,0,0,0,0,0,0,0,0,0,1,0,0,0,0,0,0,0,0,-0.78,0,0,0,0.6,0,0,0,0,0,0.91,0,-0.58,0,0,0,0,0.56,0,0,0,0,0,0,0,0,0,0,0,-0.79,0,0.93,0,-1.17,0,2,1,2
256,0,0,0,0,0,0,0,0,0,0,0,0,0,0,0,0,0,0,0,0,0,0,0,0,0,0,0,0,0,0,0,0,0,0,0,0,0,0,0,0,0,0,0,0,0,0,0,0,0,0,0,0,0,0,0,0,0,4,2,1
263,0,0,0,0,0,0,0,0,0,0,0,0,0,0,0,0,0,0,0,0,0,0,0,0,0,0,0,0,0,0,0,0,0,0,0,0,0,0,0,0,0,0,0,0,0,0,0,0,0,0,0,0,0,0,0,0,0,4,2,1
268,0,0,0,0,0,0,0,0,0,0,0,0,0,0,0,0,0,0,0,0,0,0,0,0,0,0,0,0,0,0,0,0,0,0,0,0,0,0,0,0,0,0,0,0,0,0,0,0,0,0,0,0,0,0,0,0,0,4,2,NaN
269,0,0,0,0,0,0,0,0,0,0,0,0,0,0,0,0,0,0,0,0,0,0,0,0,0,0,0,0,0,0,0,0,0,0,0,0,0,0,0,0,0,0,0,0,0,0,0,0,0,0,0,0,0,0,0,0,0,3,1,2
333,0,0,0,0,0,0,0,0,0,0,0,0,0,0,0,0,0,0,0,0,0,0,0,0,0,0,0,0,0,0,0,0,0,0,0,0,0,0,0,0,0,0,0,0,0,0,0,0,0,0,0,0,0,0,0,0,0,4,2,NaN
355,0,0,0,0,0,0,0,0,0,0,0,0,0,0,0,0,0,0,0,0,0,0,0,0,0,0,0,0,0,0,0,0,0,0,0,-0.69,0,0,0,0,0,0,0,0,0,0,0,0,0,0,0,0,0,0,0,0,0,3,1,2
482,0,0,0,0,0,0,0,0,0,0,0,0,0,0,0,0,0,0,0,0,0,0,0,0,0,0,0,0,0,0,0,0,0,0,0,0,0,0,0,0,0,0,0,0,0,0,0,0,0,0,0,0,0,0,0,0,0,1,2,NaN
489,0,0,0,0,0,0,0,0,0,0,0,0,0,0,-1,0,0,0,0,0,0,0,0,0,0,0,0,0,0,0,0,0,0,0,0,0,0,0,0,0,0,0,0,0,0,0,0,0,0,0,0,0,0,0,0,0,0,4,2,NaN
541,0,0,0,0,0,0,0,0,0,0,0,0,0,0,0,0,0,0,0,0,0,0,0,0,0,0,0,0,0,0,0,0,0,0,0,0,0,0,0,0,0,0,0,0,0,0,0,0,0,0,0,0,0,0,0,0,0,4,2,NaN
132,0,0,0,0,0,0,0,0,0,0,0,0,0,0,0,0,0,0,0,0,0,0,0,0,0,0,0,0,0,0,0,0,0,0,0,0,0,0,0,0,0,0,0,0,0,0,0,0,0,0,0,0,0,0,0,0,0,2,2,NaN
136,0,0,0,0,0,0,0,0,0,0,1,0,0,0,0,0,0,0,0,0,0,0,0,0,0,0,0,0,0,0,0,0,0,0,0,0,0,0,0,0,0,0,0,0,0,0,0,0,0,0,0,0,0,0,0,0,0,4,2,1
142,0,0,0,0,0,0,0,0,0,0,0,0,0,0,0,0,0,0,0,0,0,0,0,0,0,0,0,0,0,0,0,0,0,0,0,0,0,0,0,0,0,0,0,0,0,0,0,0,0,0,0,0,0,0,0,0,0,4,2,NaN
145,0,0,0,0,0,0,0,0,0,0,0,0,1,0,0,0,0,0,0,0,0,0,0,0,0,0,0,0,0,0,0,0,0,0,0,0,0,0,0,0,0,0,0,0,0,0,0,0,0,0,0,0,0,0,0,0,0,4,2,1
173,0,0,0,0,0,0,0,0,0,0,0,0,0,0,0,0,0,0,0,0,0,0,0,0,0,0,0,0,0,0,0,0,0,0,0,0,0,0,0,0,0,0,0,0,0,0,0,0,0,0,0,0,0,0,0,0,0,3,2,NaN
188,0,0,0,0,0,0,0,0,0,0,0,0,0,0,0,0,0,0,0,0,0,0,0,0,0,0,0,0,0,0,0,0,0,0,0,0,0,0,0,0,0,0,0,0,0,0,0,0,0,0,0,0,0,0,0,0,0,3,2,NaN
204,0,0,0,0,0,0,0,0,0,0,0,0,0,0,0,0,0,0,0,0,0,0,0,0,0,0,0,0,0,0,0,0,0,0,0,0,0,0,0,0,0,0,0,0,0,0,0,0,0,0,0,0,0,0,0,0,0,4,2,NaN
213,0,0,0,0,0,0,0,0,0,0,0,0,0,0,0,0,0,0,0,0,0,0,0,0,0,0,0,0,0,0,0,0,0,0,0,0,0,0,0,0,0,0,0,0,0,0,0,0,0,0,0,0,0,0,0,0,0,3,2,1
225,0,0,0,0,0,0,0,0,0,0,0,0,0,0,-1,0,0,0,0,0,0,0,0,0,0,0,0,0,0,0,0,0,0,0,0,0,0,0,0,0,0.63,0,0,0,0,0,0,0,0,0,0,0,0,0,0,0,0,3,2,1
58,0,0,0,0,0,0,0,0,0,0,0,0,0,0,0,0,0,0,0,0,0,0,0,0,0,0,0,0,0,0,0,0,0,0,0,0,0,0,0,0,0,0,0,0,0,0,0,0,0,0,0,0,0,0,0,0,0,3,2,NaN
90,0,0,0,0,0,0,0,0,0,0,0,0,0,0,0,0,0,0,0,0,0,0,0,0,0,0,0,0,0,0,0,0,0,0,0,0,0,0,0,0,0,0,0,0,0,0,0,0,0,0,0,0,0,0,0,0,0,4,1,1
91,0,0,0,0,0,0,0,0,0,0,0,0,0,0,0,0,0,0,0,0,0,0,0,0,0,0,0,0,0,0,0,0,0,0,0,0,0,0,0,0,0,0,0,0,0,0,0,0,0,0,0,0,0,0,0,0,0,2,1,1
93,0,0,0,0,0,0,0,0,0,0,0,0,0,0,0,0,0,0,0,0,0,0,0,0,0,0,0,0,0,0,0,0,0,0,0,0,0,0,0,0,0,0,0,0,0,0,0,0,0,0,0,0,0,0,0,0,0,2,2,1
135,0.12,0,0,0,0,0,0,0,0,0,0,0,0,1,-1,0,0,0,0,0,0,0,0,0,0,0,0,0,0,0,0,0,0,0,0,0,0,0,0,0,0,0,0,0,0,0,0,0,0,0,0,0,0,0,0,0,0,4,2,1
207,0.19,0,0,0,0,0,0,0,0,0,0,0,0,0,0,0,0,0,0,0,0,0,0,0,0,0,0,0,0,0,0,0,0,0,0,0,0,0,0,0,0,0,0,0,0,0,0,0,0,0,0,0,0,0,0,0,0,3,2,NaN
185,0.2,0,0,0,0,0,0,0,0,0,0,0,0,0,0,0,0,0,0,0,0,0,0,0,0,0,0,0,0,0,0,0,0,0,0,0,0,0,0,0,0,0,0,0,0,0,0,0,0,0,0,0,0,0,0,0,0,4,2,NaN
146,0.24,0,0,0,0,0,0,0,0,0,0,0,0,0,0,0,0,0,0,0,0,0,0,0,0,0,0,0,0,0,0,0,0,0,0,0,0,0,0,0,0,0,0,0,0,0,0,0,0,0,0,0,0,0,0,0,0,4,2,1
202,0.32,0,0,0,0,0,0,0,0,0,0,0,0,1,0,0,0,0,0,0,0,0,0,0,0,0,0,0,0,0,0,0,0,0.53,0,0,0,0,0,0,0,0,0,0,0,0,0,0,0,0,0,0,0,0,0,0,0,2,2,NaN
440,0.6,0,0,0,1,0,1,0,0,0,0,0,0,0,0,0,0,0,0,0,0,0,0,0,0,0,0,0,0,0,0,0,0,0.53,0,0,0,0,0,0,0,0,0,0,0,-0.57,0,0,0,0,0,0,0,0.8,0,0,0,2,1,2
138,0,0,1,0,0,0,0,0,0,0,0,0,0,0,-1,0,0,0,0,0,0,0,0,0,0,0,0,0,0,0,0.56,0.74,0,0,0,0,0,0,0,0,0,0,0,0,0,0,0,0,0,0,0,0,0,0,0,0,0,4,2,1
446,0,0,1,0,0,0,1,0,0,0,0,0,0,0,0,0,0,0,0,0,0,0,0,0,0,0,0,0,0,0.55,0,0,0,0,0.54,0,0,0,0,0,0,0,0,0,0,0,0,0,0,-1.02,-0.53,1.08,0,0,0,0,0,2,3,1
519,0,0,1,0,0,0,0,0,0,0,0,0,0,0,0,0,0,0,0,0,0,0,0,0,0,0,0,0,0,0,0,0,0,0,0,0,0,0,0,0,0,0,0,0,0,0,0,0,0,0,0,0,0,0,0,0,0,4,2,0
525,0,0,1,0,0,0,0,0,0,0,0,0,0,0,0,0,0,0,0,0,0,0,0,0,0,0,0,0,0,0,0,0,0,0,0,0,0,0,0,0,0,0,0,0,0,0,0,0,0,0,0,0,0,0,0,0,0,2,1,2
533,0,0,1,0,0,0,0,0,0,0,0,0,0,0,0,0,0,0,0,1.45,0,0,0,0,0,0,0,0,0,0,0,0,0,0,0,0,0,0,0,0,0,0,0,0,0,0,0,0,0,0,0,0,0,0,0,0,0,3,2,1
559,0,0,1,0,0,0,0,0,0,0,0,0,0,0,0,0,0,0,0,0,0,0,0,0,0,0,0,0,0,0,0,0,0,0,0,0,0,0,0,0,0,0,0,0,0,0,0,0,0,0,0,0,0,0,0,0,0,2,1,2
124,0,0,1,0,0,0,0,0,0,0,0,0,0,0,0,0,0,0,0,0,0,0,0,0,0,0,0,0,0,0,0,0,0,0,0,0,0,0,0,0,0,0,0,0,0,0,0,0,0,0,0,0,0,0,0,0,0,2,2,1
157,0,0,1,0,0,0,0,0,0,0,0,0,0,0,0,0,0,0,0,0,0,0,0,0,0,0,0,0,0,0,0,0,0,0,0,0,0,0,0,0,0,0,0,0,0,0,0,0,0,0,0,0,0,0,0,0,0,2,2,1
209,0,0,1,0,0,0,0,0,0,0,0,0,0,0,0,0,0,0,0,0,0,0,0,0,0,0,0,0,0,0,0,0,0,0,0,0,0,0,0,0,0,0,0,0,0,0,0,0,0,0,0,0,0,0,0,0,0,3,1,2
52,0,0,1,0,0,0,0,0,0,0,0,0,0,0,0,0,0,0,0,0,0,0,0,0,0,0,0,0,0,0,0,0,0,0,0,0,0,0,0,0,0,0,0,0,0,0,0,0,0,0,0,0,0,0,0,0,0,4,1,1
455,0,0,1,0,0,0,0,0,0,0,0,0,0,0,0,0,0,0,0,0,0,0,0,0,0,0,0,0,0,0,0,0,0,0,0,0,0,0,0,0,0,0,0,0,0,0,0,0,0,0,0,0,0,0,0,0,0,3,2,1
192,0,0,1,0,0,0,0,0,0,0,0,0,0,0,0,0,0,0,0,0,0,0,0,0,0,0,0,0,0,0,0,0,0,0,0,0,0,0,0,0,0,0,0,0,0,0,0,0,0,0,0,0,0,0,0,0,0,3,2,1
235,0,1,0,0,0,0,0,0,0,0,0,0,0,0,0,-1,-1,-1,0,0.63,0.97,0,0.83,0.82,0,0,-0.67,0,0.68,0.8,1.22,0,0,0,-0.83,0,1.53,-0.95,0,0,0.6,0,0.64,0,1.02,0,-0.54,0,-0.91,0,-0.59,-0.65,0,0,-1.2,-0.66,0,3,2,2
321,0,1,0,0,0,0,0,1,0,0,0,0,0,0,0,0,0,0,0,0,0,-0.91,0,0,0,0,0,0,0,0.57,0,0.89,0,1.09,0,-0.88,0,0,0,0,1.51,0,0,0,0,0,0,0,1.29,0,0,0,0,0.88,0,0,0,4,1,2
388,0,1,0,1,0,1,0,0,1,1,0,0,0,1,0,-1,0,0,0,0,0,0,0,0,0.54,0,0,0,0,0,-0.72,0,-0.76,0,-0.94,-1.31,2.12,0,0,0,1.32,1.44,0.78,-0.69,0,-0.55,0,0,-1.11,0,0,-0.56,0.71,0.75,-1.22,-0.98,-0.79,3,1,2
476,0,1,0,0,0,0,0,0,0,0,0,0,0,0,0,0,0,0,0,0,0,0,0,0,0,0,-0.91,-1.49,0,0,0,0,-0.94,1.38,-1.69,0,1.15,0,0,0,0,0,1.49,0,0,0,0,-0.73,-0.61,0,0,0,0.67,0,1.48,0,0,3,1,2
553,0,1,0,0,0,0,0,0,0,1,0,0,0,0,0,-1,0,0,-1.34,0,0.96,1.11,-1.23,0.79,-1.16,0,0,0,0.87,0.88,0,0.53,-0.62,0,0,0,0,0.64,0,0,0.56,0,0.55,0,-1.17,-0.83,-0.69,-0.78,0,0,0,-1.11,0,0.59,1.24,0,-1.02,1,1,2
560,0,1,0,0,1,0,0,0,0,0,0,0,0,0,0,-1,-1,0,0.92,0,1.43,1.26,-0.82,1.37,-0.69,-1.73,3.18,-1.58,0.83,0,0,0.92,0,0.87,1.1,-0.76,0.72,0,1.34,1.73,0.87,0,0,-2.14,-2.56,0,0,-1,0.98,-1.03,-0.87,-1.51,0,0.54,-0.74,0,0,1,1,2
140,0,1,0,0,0,0,0,0,0,0,0,1,0,1,0,0,0,0,-0.7,0,0,0,0,0,0,0,0,0,0,0.63,0,0,0,0,0,0,0,0.61,0,1.69,0,-0.76,0.54,0,0,-0.55,-0.57,-0.55,0,0,0,0,0,0,0,0,0,4,2,1
155,0,1,0,0,1,0,0,0,0,0,0,0,0,0,0,0,-1,0,-1.34,0,0.61,0.67,0.56,0.87,-0.83,-1.1,1.27,-0.82,0,0,-0.58,-0.82,-0.56,0.6,0,0,0,-1.61,-0.83,-1.6,0,-1.2,0,0.55,0,0,-0.6,0,-1.11,1.53,-0.86,0,1.19,0.74,0.65,0,-0.66,2,1,3
246,0,1,0,0,1,0,0,0,0,0,0,0,0,0,0,0,-1,0,0,0,-0.56,0,0,0,-0.79,-0.78,0,-0.88,1.08,1.41,0,0,0.66,0.84,0,0,0.88,-0.53,0,0,-1.55,0,0.61,0,0,0,0,0,0.56,0,0,0,0.67,0.87,0,-0.77,0,2,1,2
301,0,1,0,0,0,0,0,0,0,0,0,0,0,0,0,-1,0,-1,0,0,0,0,-0.65,1,0,0,0,0,0,0.97,0.71,0,-0.65,0,0.65,0,0,1.02,0,0,0,-0.69,0,0,0,0,-0.99,-0.63,0,0.83,0,0,0,0,0,0,0,2,1,2
88,0,1,0,1,0,0,0,0,0,0,0,0,0,0,0,0,0,0,0,0,0.61,0.79,0,0.64,-0.99,-0.96,0,-0.75,0,0.85,0.68,1.03,0,0,-0.54,-1.45,0.54,0,-1.4,0,-0.96,-2.11,0.56,0.57,-0.84,0,0,-0.91,-0.62,-0.65,0,0,1.29,1.02,-0.65,-0.94,0,2,1,NaN
551,0.2,1,0,0,0,0,0,0,0,0,0,0,0,0,0,0,0,0,0,0,0,0.73,0,0,0,0,0.78,0,0,0,0,0,0,0,0,0,0,0,0,0,0,0,0,0,0,0,0,0,0,0,0,0,0,0.65,0,0,-0.66,1,1,NaN
137,0.34,1,0,1,0,1,0,1,0,0,0,0,0,0,0,0,0,0,0,0,0,0.63,0,0.58,0,0.71,0,0,0.81,0,0.58,-0.56,0,0,0,0,-0.77,0,0,-0.56,0,0,0,0,0,0,-0.57,0,0,0,0,0,0,0,0.61,0,0,4,1,2
426,0.38,1,0,0,0,0,0,0,0,0,0,0,0,0,-1,0,0,0,0,0,0,0,-0.55,0,0,0,0,0,0,0,0.82,0.54,0,0,0,0,1.06,0,0,0.59,0,0,0,0,0,-0.78,0,0,-0.77,1.53,0.67,-0.71,0.76,0,0,0,-0.79,3,1,1
115,0.4,1,0,0,0,0,0,0,0,0,0,0,0,0,0,0,-1,0,0,0,0.79,0.74,0,0.57,0,0,0,0,0,0,0,0,-0.6,0,0,0.58,0,0,0,0,0.59,0,0,-0.58,0.66,0,-0.58,0,0,0,0,0,0,0,0,-0.54,-0.58,2,2,1
148,0.41,1,0,0,0,0,0,1,0,0,0,0,0,0,0,0,0,0,-0.91,0,0,0.68,0,0,0,0,0,0,0.55,1.02,0.73,-0.63,0,0.9,0,-0.74,0,0.89,0,0,0,-1.01,0.75,-0.58,-0.71,0,0,0,0,0,0,-0.79,0.87,0,0,-0.72,-0.68,4,1,2
318,0.43,1,0,0,0,1,0,0,0,0,0,1,0,0,0,0,0,0,0,1.1,0,0.69,0,0,-0.58,0,0,-0.71,0,0.59,0,0,0.55,0,-0.69,0,1.8,0,0,-0.62,0.71,0,0,0,0.7,0,-0.67,-0.66,-0.73,0,-0.54,0,0.85,0,0,0,-0.81,4,1,1
470,0.55,1,0,0,1,0,0,0,1,0,0,0,0,0,0,0,-1,0,0,0,0,0.96,-0.58,0,0,1,0.85,0,0,0.6,0.55,0,0,1.11,-0.63,-0.63,0,0,0.94,-0.9,2.02,0,0.8,0,0,-0.98,0,-0.61,0,0,-0.61,0,0,0,-1.52,-0.67,-0.82,1,1,2
180,0.56,1,0,0,0,0,0,1,0,0,0,0,0,0,0,0,0,0,0,0,0,0,0,0.96,-0.86,-0.62,0,0,0,0,0.56,0.75,0,0.75,0,0,0.96,-0.71,0,0,0,0,0.63,0,0,0,0,0,0,0.98,1.2,0,0,0,1.23,0,0,4,2,1
187,0.56,1,0,0,0,0,1,0,0,0,0,0,0,0,0,0,0,0,0,1.29,0,0,0,0.81,0,0,0.71,0,0,-0.98,0,0.71,0.69,0,-1.19,0,0.68,0,0,0,0,0,0,0,0,0,0,0,0,0,-0.92,0,0.76,0.64,0,-0.88,0,2,2,1
165,0.57,1,0,0,1,0,0,0,0,0,0,0,0,0,0,0,-1,-1,0,0.67,0.96,0,0,1.02,0,-0.56,0,0,1.18,0,0,0,0,0,0,0,0,-0.58,0,0,0,0,0,0,0,0,0,0,0,0,0,0,0.58,0,1.27,0,0,2,3,2
282,0.63,1,0,0,1,0,0,0,0,0,0,0,0,0,0,-1,0,0,0,0,0,0,0,0,-0.68,-1.04,0,-0.66,0.71,0.64,1.08,0.94,0,0,0,0,0,0,1.04,0,-0.58,-0.72,1.73,-0.85,0,-0.7,0,0,0,1.61,0,0,0,0,-0.79,-0.6,0,4,1,2
430,0.66,1,0,0,0,1,0,1,0,0,0,0,0,0,0,0,0,0,-0.57,0,1.07,0,0,0,-0.95,-0.88,0,0,0,0,1.01,0,-0.99,0.57,-1,-0.9,0.77,0,0,0,0,0,0.72,0,0,-0.64,0,0,-0.54,0,0,0,0.86,0.58,0,-0.92,-0.88,2,1,3
190,0.66,1,0,0,0,0,0,1,0,0,0,0,0,0,0,0,-1,0,-0.82,2.58,0,1.12,0,0,0,0,0,-1.81,0,1.83,1.44,0,-1.25,0.96,0,0,0.73,-1.2,-0.78,-0.84,0,-1.03,1.44,-0.54,0,0,0,0,-0.59,0.59,-1.53,-0.86,0.93,0.76,0,0,0,2,1,2
152,0.66,1,0,0,0,0,0,1,1,0,0,0,0,1,0,-1,0,0,0.63,0,0.6,0,0,1.39,0,0,0,-1.15,0,0,0,1.68,1.58,0.93,0,1.37,1.31,2.16,-2.07,0,0,0,0.53,0,-1.87,0,0,-0.63,0,0,-1.28,-0.85,0,0,-1.47,-1.08,-0.97,2,2,1
118,0.67,1,0,0,0,1,0,0,0,0,0,0,0,0,0,0,0,0,0,0,0,0,0,0,0,0,0,-1.1,0.78,1.2,0,1.61,0,0,0,0,0,0,0,0,0,0,0.62,0,0,-0.75,-0.89,0,0,-1.11,0,0,0.9,1.06,0,-1.09,0,2,1,NaN
112,0.68,1,0,0,1,0,0,0,0,0,1,0,0,0,0,-1,0,0,0,0,-1.09,0,-0.59,1,-0.72,-0.95,0,-0.7,0.69,0.7,0,-0.7,-0.62,0,-0.68,0.62,0.65,0.81,0.6,0.95,-0.67,-1.06,1.29,-0.73,-0.59,0,-0.92,0,-0.84,-0.56,-0.72,0,0.71,0.97,0.82,0,0,2,1,2
240,0.68,1,0,0,1,0,0,0,0,0,0,0,0,0,0,0,0,0,0,0,0,0.57,-1.02,-0.69,0,-0.89,0,-1.08,0,0,2.29,-0.71,0,0,-1.46,0,0,1.24,0.86,0,0,0,0,-1.34,0,-0.57,-0.73,0,-1.38,0,0,-1.01,0,0,-1.23,-0.64,0,2,1,3
171,0.76,1,0,0,0,0,0,1,0,0,0,0,0,0,-1,0,0,-1,-1.53,0.87,0,0.85,-1.11,0,-1.06,-1.64,1.08,-1.03,0.63,0,0.97,1.31,-0.84,0.78,-0.94,0.94,0.6,-1.95,0.71,0.88,0.86,0,0,0,-1.47,0,0,0,0,-0.93,-0.84,0,0,0.96,0,-0.88,0,2,1,2
433,0,1,0,0,1,0,0,0,0,0,0,0,0,0,0,0,0,0,-0.72,0,0,0,-0.58,1.02,0,0,1.04,0,1.14,0,0,0,0,0,-0.56,0,0,-0.71,0,-0.84,0,0,0,0,0,0,0,-0.66,0,0.72,0.81,-0.81,0,0.55,0,0,-0.79,3,1,1
488,0,1,0,0,1,0,0,0,0,0,0,0,0,0,0,0,0,0,0,0,-1.67,0,0,0.54,-1.16,1.06,1.15,0,0,0.71,0,0.74,1.38,1.12,0,0,0,0.54,0,-1.35,-1.22,-0.92,0.7,0,-0.62,-1.15,-1.34,0,-0.59,0,0,0,0.7,0.71,1.09,0,-0.6,1,1,2
522,0,1,0,1,0,0,0,0,1,0,0,0,0,0,0,0,-1,-1,-0.65,0.72,0.9,0,-0.59,0,0,-0.67,0.77,0,0,0,0,0,0,0.62,0,0.59,0,-0.91,0.55,0,0,-0.53,0.83,-0.68,1.38,0,0,0,0,0,-1.34,0,0.66,0,-0.63,-0.72,0,2,1,2
556,0,1,0,0,0,0,1,0,0,0,0,0,0,0,0,0,-1,0,-0.68,0,0,0,0,0,0,0,0.82,0,1.31,0,0.67,0,0,0.64,-0.71,0.74,0.73,0,-0.99,-0.63,-1.71,0,0,0,0,0,0,0,0,0,0,0,0,0,0,0,0,1,1,2
566,0,1,0,0,0,0,1,0,0,0,1,0,1,1,0,0,0,0,0.69,0,1.84,0,0.63,1.2,0.68,0.54,0.64,0,-0.77,0,0,0,0,0,0,0,0.85,-0.7,1.03,0,0,0.55,0,0,-0.62,0.57,0,-0.81,0,0.79,-1.13,0,0.6,0,0,-0.85,-0.98,2,1,2
116,0,1,0,0,1,0,1,0,0,0,0,0,0,0,0,0,0,0,-0.66,0,-1.15,0,0.68,1.22,-0.84,-0.71,0,0.72,0,0,0,-0.85,0,0.75,-0.68,0,0,0,0.75,0,0.99,0.76,0,-0.84,0.61,0,-0.83,-0.55,0,0.7,0,-1.05,0.55,0,0,-0.59,-0.76,NaN,1,3
182,0,1,0,0,1,0,0,1,0,0,0,0,0,0,0,0,0,0,0,0.72,0.57,0,0,0.64,-1.12,-0.54,0,0,0,0,0,0,-0.54,0,-0.97,0,0,0.56,0,0,0,0.61,0,-0.91,0,-0.63,-0.85,0,0,0,0,0.74,0,0,0,0,-0.75,3,2,0
237,0,1,0,0,0,0,0,0,0,0,0,0,0,0,0,0,0,0,-1.04,0,0.59,0.67,0,0,0,0.7,0.89,-0.77,0,0,0,0,0,0,0,0,0,0.54,0.65,0,0.53,0,1.04,-1.54,0,0,-0.93,0,-0.84,0,0.57,-0.67,0,0,-1.06,-0.99,0,2,2,NaN
33,0,1,0,0,0,0,0,0,0,0,0,0,1,0,0,0,-1,0,0,0,0,1.07,-0.74,0,0,0.85,0,0,0,0,0,-0.66,0.9,0.62,0,0,0,1.06,0.93,-0.82,0.93,0,0,-0.57,0,0,0,0,0,0,0,0,0,0,0,0,0,3,1,2
68,0,1,0,0,0,0,0,0,0,1,0,0,1,0,0,-1,-1,0,0,0,1.23,0.96,0,0.73,-0.62,-0.57,0,0,0.69,0,0.64,0,-0.69,0,0,0.9,-0.67,0,1.64,0,0.87,0.65,0,0,0,0,0,-0.68,0,0.67,0,0,0,0,-0.9,0,0,2,1,2
80,0,1,0,1,0,0,1,0,0,0,0,0,1,0,0,-1,-1,0,0,0,0,0.84,-0.64,0.95,0,0,0,0,0,0.87,0,0,0,0,-0.82,0,0,0.86,-1.23,0,0.54,0,0,0,0.86,0,0,0,0,0,-0.54,0,0,0.89,1.06,0,-0.97,2,1,3
96,0,1,0,0,0,0,0,0,0,0,0,0,0,0,0,0,-1,0,0,0.83,1.01,0.61,-0.99,0,-1.08,1.48,0,0,1.4,0,0.81,0,0,0,-1,-1.29,0.59,0.64,0,0,0,-1.05,0,-1.23,0.94,-0.77,-0.62,-1.04,0,0.6,0,-0.6,0.95,0.91,0.75,0,-0.84,2,1,NaN
405,0.3,1,0,0,0,0,0,0,1,0,0,0,0,0,-1,0,-1,0,0,0,0.54,0.77,0,0.64,-0.57,-0.68,0.53,0,0,0,-0.67,0,0,0,0,0,0,0,-0.85,0,0,-0.75,0,-0.78,0.57,-0.57,0,-0.74,-0.55,0,0,0,0,0,1.19,0,-1.2,2,1,NaN
143,0.36,1,0,0,1,0,0,0,0,0,0,0,0,0,0,0,0,0,-0.57,0.67,0,0,0,0,-0.7,0,0,0,0.68,0,0.8,0,0,0,0,0,0,0,0,0.95,0,0,0,0,0,0,-0.58,0,-1.04,0,0,0,0,0,0,0,0,3,1,2
419,0.85,1,0,1,0,1,1,0,0,0,1,1,0,0,0,0,-1,0,-1.2,0.88,0,0,-0.86,0,0,-0.8,0.7,-0.61,0,0,0,0,0,0.58,2.73,-0.78,0,0,-1.11,0,0,1.12,0,1.09,-0.77,-0.81,-0.73,0,-0.54,1.06,0.87,-0.9,0.94,0.86,0,-0.9,0,4,1,2
428,0,1,0,0,1,0,1,0,0,0,0,0,0,0,0,0,0,0,0,0,0.53,-0.8,0.74,0,-1.17,-1.66,1.09,-0.94,0,1.21,0,0,0,0,0,0,1.38,0,-1.31,0,0,0,1.03,-0.68,0,0,-0.78,-0.55,-0.57,2.5,0,0,0,0.73,0,-0.95,-0.74,4,1,2
547,0,1,0,0,0,0,0,0,1,0,0,0,1,0,0,0,-1,0,-0.56,0.58,1.1,-2.15,2.32,0.61,0.63,0,0,-2.13,0.63,0.61,0,0,1.31,0,0.56,0,0.56,1.21,-1.8,0.78,0.81,-1.25,0,-2.83,1.39,0,0,0,0,-1.09,-1.25,0,-0.92,0,0.72,0.61,0,1,1,NaN
85,0,1,0,0,0,0,0,0,0,0,0,0,0,0,0,0,0,0,0,0,0,0,0,0,0,0,0,0,0,0,0.76,0.92,0.84,0.63,0,-0.57,0,0,0,-0.74,0,-0.88,0,0,0,-0.62,0,0,-1.1,0,0,-0.88,0.62,0,0,0,-0.6,2,1,2
129,0.65,1,0,1,0,0,0,0,0,0,0,0,0,0,0,0,0,0,-0.89,1.51,0.6,0,0,0,-0.87,0.72,0.62,-0.65,-0.61,0.99,0,0,0,0.54,-0.65,-0.96,0,-0.68,0,-0.8,0,-1.17,0,0,-0.98,0,-0.66,0,0,0,0.73,0,0,0,0,0,0,2,2,1
603,0.77,1,0,0,0,0,0,0,0,0,0,0,0,0,0,0,-1,0,0,0,0,0,0,0,0,0.65,0,0,1.1,0,0,0,1.17,0.7,0,-0.59,0,0,0,0.97,0,0,0,0,0,0,0,0,0,0.84,0,0,0,0,0,0,0,4,1,2
503,0.27,1,0,0,1,0,0,0,0,0,0,0,0,0,0,-1,0,0,0,0,0,0,0,0,-0.58,0,0.57,0,0,1.27,0,0,1.33,0,0,1.49,0,0,0,-0.6,0,0,0,0,-0.9,0,0,0,0,0,0,0,0,0,0,0,0,4,1,1
54,0.3,1,0,0,1,0,1,0,0,0,0,0,0,0,0,0,0,0,0,0,0,0,0,0,0,0.86,0,0,0,0,0,0,0,0,0,0,0,0.57,0,-0.57,0,0,0,0,0,0,0,0,0,0,0.58,0,0,0,0.78,0,0,4,2,1
459,0.33,1,0,0,1,0,0,0,0,0,0,0,0,0,0,0,0,-1,0,0,0,0,-0.54,0,0,0,0,0,0.82,0,0.7,0,-0.8,0.66,0,0,0,0,0,0,0,0,0,0,-0.57,0,0,0,0,1.39,0,-0.68,0.87,0,0,0,0,3,1,2
450,0.73,1,0,0,0,0,0,0,0,0,0,0,0,0,-1,-1,-1,-1,-0.63,0,1.3,1.15,-0.59,0,0,0,0.92,0,0,0.71,0,0.71,-0.57,0,-0.57,-0.84,0,0,0.57,0,2.6,0,0,-0.75,0.7,0,0,0,-0.61,-0.63,-0.78,0,0,1.51,-0.8,0,0,3,1,1