"","DRUG_ID","SCREENING_SITE","DRUG_NAME","SYNONYMS","TARGET","TARGET_PATHWAY","drug_name","subtype","value","comparison"
"1",1003,"SANGER","Camptothecin","Camptothecine, (+)-Camptothecin","TOP1","DNA replication","camptothecin..GDSC2.1003.","STAD_CIN",0.0963654190748842,"Unfavourable"
"2",1004,"SANGER","Vinblastine","Velban","Microtubule destabiliser","Mitosis","vinblastine..GDSC2.1004.","STAD_CIN",0.155329066222397,"Unfavourable"
"3",1005,"SANGER","Cisplatin","cis-Diammineplatinum(II) dichloride, Platinol, CIS-DDP","DNA crosslinker","DNA replication","cisplatin..GDSC2.1005.","STAD_CIN",-0.0663217172444987,"Unfavourable"
"4",1006,"SANGER","Cytarabine","Ara-Cytidine, Arabinosyl Cytosine, U-19920","Antimetabolite","Other","cytarabine..GDSC2.1006.","STAD_CIN",0.209275775196905,"Unfavourable"
"5",1007,"SANGER","Docetaxel","RP-56976, Taxotere","Microtubule stabiliser","Mitosis","docetaxel..GDSC2.1007.","STAD_CIN",0.0366044447886298,"Unfavourable"
"6",1010,"SANGER","Gefitinib","ZD-1839, Iressa","EGFR","EGFR signaling","gefitinib..GDSC2.1010.","STAD_CIN",-0.378773650460141,"Favourable"
"7",1011,"SANGER","Navitoclax","ABT-263, ABT263, ABT 263","BCL2, BCL-XL, BCL-W","Apoptosis regulation","navitoclax..GDSC2.1011.","STAD_CIN",0.0477245429139692,"Not significant"
"8",1017,"SANGER","Olaparib","AZD2281, KU0059436,  Lynparza","PARP1, PARP2","Genome integrity","olaparib..GDSC2.1017.","STAD_CIN",0.185598283328343,"Unfavourable"
"9",1022,"SANGER","AZD7762","AZD-7762, AZD 7762","CHEK1, CHEK2","Cell cycle","AZD7762..GDSC2.1022.","STAD_CIN",-0.218632502311722,"Not significant"
"10",1032,"SANGER","Afatinib","BIBW2992, Tovok, Gilotrif","ERBB2, EGFR","EGFR signaling","afatinib..GDSC2.1032.","STAD_CIN",-0.247632374051778,"Favourable"
"11",1036,"SANGER","PLX-4720","PLX4720, PLX 4720","BRAF","ERK MAPK signaling","PLX4720..GDSC2.1036.","STAD_CIN",-0.183733850504669,"Not significant"
"12",1046,"SANGER","Wee1 Inhibitor","681640, Wee1 Inhibitor","WEE1, CHEK1","Cell cycle","Wee1.Inhibitor..GDSC2.1046.","STAD_CIN",0.0399792124486905,"Not significant"
"13",1048,"SANGER","Mirin","","MRE11","Genome integrity","mirin..GDSC2.1048.","STAD_CIN",0.106681114308291,"Unfavourable"
"14",1051,"SANGER","Alisertib","MLN8237","AURKA","Mitosis","alisertib..GDSC2.1051.","STAD_CIN",0.410496649607164,"Unfavourable"
"15",1053,"SANGER","MK-2206","MK 2206, MK2206","AKT1, AKT2","PI3K/MTOR signaling","MK.2206..GDSC2.1053.","STAD_CIN",0.116653794425428,"Unfavourable"
"16",1054,"SANGER","Palbociclib","PD0332991, PD-0332991, PF-00080665-73","CDK4, CDK6","Cell cycle","palbociclib..GDSC2.1054.","STAD_CIN",0.121342074859546,"Not significant"
"17",1057,"SANGER","Dactolisib","NVP-BEZ235, BEZ235","PI3K (class 1), MTORC1, MTORC2","PI3K/MTOR signaling","NVP.BEZ235..GDSC2.1057.","STAD_CIN",0.00414658683212004,"Unfavourable"
"18",1058,"SANGER","Pictilisib","GDC-0941, GDC0941, RG-7621","PI3K (class 1)","PI3K/MTOR signaling","GDC.0941..GDSC2.1058.","STAD_CIN",0.0748537279472681,"Unfavourable"
"19",1060,"SANGER","PD0325901","PD-0325901, PD 0325901","MEK1, MEK2","ERK MAPK signaling","PD.0325901..GDSC2.1060.","STAD_CIN",0.0914566693744808,"Not significant"
"20",1068,"SANGER","Obatoclax Mesylate","GX15-070MS, Obatoclax, GX15-070","BCL2, BCL-XL, BCL-W, MCL1","Apoptosis regulation","obatoclax..GDSC2.1068.","STAD_CIN",-0.0135718543299366,"Not significant"
"21",1079,"SANGER","Dasatinib","BMS-354825-03, BMS-354825, Sprycel","ABL, SRC, Ephrins, PDGFR, KIT","Other, kinases","dasatinib..GDSC2.1079.","STAD_CIN",-0.267099756457328,"Not significant"
"22",1080,"SANGER","Paclitaxel","BMS-181339-01, Taxol, Onxol, Paxene, Praxel, Abraxane","Microtubule stabiliser","Mitosis","paclitaxel..GDSC2.1080.","STAD_CIN",-0.165030420888926,"Unfavourable"
"23",1084,"SANGER","Rapamycin","AY-22989, Sirolimus, WY-090217, Torisel, Rapamune","MTORC1","PI3K/MTOR signaling","WY.090217..GDSC2.1084.","STAD_CIN",0.379461073500191,"Unfavourable"
"24",1085,"SANGER","Sorafenib","Nexavar, 284461-73-0, BAY 43-9006","PDGFR, KIT, VEGFR, RAF","Other, kinases","sorafenib..GDSC2.1085.","STAD_CIN",0.0411780922745465,"Not significant"
"25",1088,"SANGER","Irinotecan","Camptosar, (+)-Irinotecan, Irinotecanum, irinotecan hydrochloride","TOP1","DNA replication","irinotecan..GDSC2.1088.","STAD_CIN",0.0914584690368414,"Unfavourable"
"26",1089,"SANGER","Oxaliplatin","Eloxatin","DNA alkylating agent","DNA replication","oxaliplatin..GDSC2.1089.","STAD_CIN",-0.0649265113542054,"Unfavourable"
"27",1091,"SANGER","BMS-536924","BMS 536924","IGF1R, IR","IGF1R signaling","BMS.536924..GDSC2.1091.","STAD_CIN",-0.247178648117251,"Not significant"
"28",1093,"SANGER","GSK1904529A","GSK-1904529A, GSK 1904529A","IGF1R, IR","IGF1R signaling","GSK1904529A..GDSC2.1093.","STAD_CIN",-0.149886474244088,"Not significant"
"29",1168,"SANGER","Erlotinib","Tarceva, RG-1415, CP-358774, OSI-774, Ro-508231, R-1415","EGFR","EGFR signaling","erlotinib..GDSC2.1168.","STAD_CIN",-0.0521076630543508,"Favourable"
"30",1177,"SANGER","Niraparib","MK-4827, MK4827","PARP1, PARP2","Genome integrity","niraparib..GDSC2.1177.","STAD_CIN",0.27032067577117,"Unfavourable"
"31",1179,"SANGER","MK-1775","AZD1775","WEE1, PLK1","Cell cycle","MK.1775..GDSC2.1179.","STAD_CIN",-0.184093166086642,"Not significant"
"32",1180,"SANGER","Dinaciclib","SCH727965, SCH 727965, SCH-727-965, MK-7965","CDK1, CDK2, CDK5, CDK9","Cell cycle","dinaciclib..GDSC2.1180.","STAD_CIN",0.098322993151891,"Not significant"
"33",1190,"SANGER","Gemcitabine","Gemzar, LY-188011","Pyrimidine antimetabolite","DNA replication","gemcitabine..GDSC2.1190.","STAD_CIN",0.172208883991689,"Unfavourable"
"34",1191,"SANGER","Bortezomib","PS-341, LDP-341, Velcade","Proteasome","Protein stability and degradation","bortezomib..GDSC2.1191.","STAD_CIN",-0.133844401892671,"Not significant"
"35",1239,"SANGER","YK-4-279","YK 4-279","RNA helicase A","Other","YK.4.279..GDSC2.1239.","STAD_CIN",0.0202823406301748,"Unfavourable"
"36",1249,"SANGER","BMS-345541","","IKK-1, IKK-2","Other","BMS.345541..GDSC2.1249.","STAD_CIN",0.382617851776465,"Unfavourable"
"37",1250,"SANGER","AZ960","AZ 960, AZ-960","JAK2, JAK3","Other, kinases","AZ960..GDSC2.1250.","STAD_CIN",-0.0258594544477057,"Not significant"
"38",1259,"SANGER","Talazoparib","BMN-673, BMN 973","PARP1, PARP2","Genome integrity","talazoparib..GDSC2.1259.","STAD_CIN",-0.0794567221777643,"Unfavourable"
"39",1372,"SANGER","Trametinib","GSK1120212, Mekinist","MEK1, MEK2","ERK MAPK signaling","trametinib..GDSC2.1372.","STAD_CIN",0.0885074804093832,"Not significant"
"40",1373,"SANGER","Dabrafenib","GSK2118436, Tafinlar","BRAF","ERK MAPK signaling","dabrafenib..GDSC2.1373.","STAD_CIN",-0.496969599071575,"Not significant"
"41",1375,"SANGER","Temozolomide","Temodar, Temodal, M-39831, SCH 52365","DNA alkylating agent","DNA replication","temozolomide..GDSC2.1375.","STAD_CIN",-0.213994949371046,"Unfavourable"
"42",1510,"SANGER","Linsitinib","OSI-906, ASP-7487","IGF1R","IGF1R signaling","linsitinib..GDSC2.1510.","STAD_CIN",-0.113776920981744,"Not significant"
"43",1511,"SANGER","Epirubicin","Ellence, Farmorubicin, IMI-28","Anthracycline","DNA replication","epirubicin..GDSC2.1511.","STAD_CIN",0.013684486066023,"Unfavourable"
"44",1529,"SANGER","Pevonedistat","MLN4924, MLN 4924, MLN-4924","NAE","Other","pevonedistat..GDSC2.1529.","STAD_CIN",0.289483716974915,"Unfavourable"
"45",1549,"SANGER","Sapitinib","AZD8931","EGFR, ERBB2, ERBB3","EGFR signaling","AZD8931..GDSC2.1549.","STAD_CIN",-0.367067092856804,"Favourable"
"46",1553,"SANGER","Uprosertib","GSK2141795, GSK2141795C, GSK-2141795","AKT1, AKT2, AKT3","PI3K/MTOR signaling","uprosertib..GDSC2.1553.","STAD_CIN",0.183781796032702,"Unfavourable"
"47",1558,"SANGER","Lapatinib","Tykerb, Tyverb","EGFR, ERBB2","EGFR signaling","lapatinib..GDSC2.1558.","STAD_CIN",-0.423764245607908,"Favourable"
"48",1559,"SANGER","Luminespib","AUY922, VER-52296,NVP-AUY922,  AUY","HSP90","Protein stability and degradation","AUY922..GDSC2.1559.","STAD_CIN",-0.213403967634832,"Not significant"
"49",1560,"SANGER","Alpelisib","BYL719, BYL-719, NVP-BYL719","PI3Kalpha","PI3K/MTOR signaling","alpelisib..GDSC2.1560.","STAD_CIN",-0.0832728972621276,"Unfavourable"
"50",1561,"SANGER","Taselisib","GDC-0032, GDC0032, RG7604","PI3K (beta sparing)","PI3K/MTOR signaling","taselisib..GDSC2.1561.","STAD_CIN",-0.0385012369541951,"Unfavourable"
"51",1564,"SANGER","SCH772984","CS-1421","ERK1, ERK2","ERK MAPK signaling","CS.1421..GDSC2.1564.","STAD_CIN",0.0690114613524375,"Not significant"
"52",1578,"SANGER","Leflunomide","Sulol, SU-101, HWA-486, Arava","Pyrimidine synthesis inhibitor","DNA replication","leflunomide..GDSC2.1578.","STAD_CIN",0.340354435001471,"Unfavourable"
"53",1598,"SANGER","LGK974","LGK-974","PORCN","WNT signaling","LGK.974..GDSC2.1598.","STAD_CIN",-0.187063363943199,"Not significant"
"54",1613,"SANGER","VE-822","VE 822, VE822, Berzosertib","ATR","Genome integrity","VE.822..GDSC2.1613.","STAD_CIN",-0.137863125327246,"Unfavourable"
"55",1614,"SANGER","WZ4003","WZ 4003","NUAK1, NUAK2","Other, kinases","WZ4003..GDSC2.1614.","STAD_CIN",-0.33846426556918,"Not significant"
"56",1617,"SANGER","AZD5582","GTPL7710, AOB5560","XIAP, cIAP","Apoptosis regulation","AZD5582..GDSC2.1617.","STAD_CIN",-0.239691099741403,"Not significant"
"57",1622,"SANGER","Wnt-C59","AOB3540, AK161197","PORCN","WNT signaling","wnt.c59..GDSC2.1622.","STAD_CIN",-0.563751763520955,"Not significant"
"58",1629,"SANGER","ML323","GTPL7898, AOB2313,","USP1, UAF1","Protein stability and degradation","ML323..GDSC2.1629.","STAD_CIN",-0.363327864500145,"Not significant"
"59",1631,"SANGER","PRT062607","P505-15, PRT-2607, BIIB-057","SYK","Other, kinases","PRT062607..GDSC2.1631.","STAD_CIN",-0.339068275809789,"Not significant"
"60",1806,"SANGER","Oxaliplatin","","DNA alkylating agent","DNA replication","oxaliplatin..GDSC2.1806.","STAD_CIN",0.00612061338667046,"Unfavourable"
"61",1808,"SANGER","Topotecan","","","DNA replication","topotecan..GDSC2.1808.","STAD_CIN",0.0972006603480977,"Unfavourable"
"62",1809,"SANGER","Teniposide","Vumon","","DNA replication","teniposide..GDSC2.1809.","STAD_CIN",-0.0428703188881255,"Unfavourable"
"63",1810,"SANGER","Mitoxantrone","","","DNA replication","mitoxantrone..GDSC2.1810.","STAD_CIN",0.0834453829271173,"Unfavourable"
"64",1811,"SANGER","Dactinomycin","Actinomycin D","","Other","dactinomycin..GDSC2.1811.","STAD_CIN",-0.0923640208346358,"Unfavourable"
"65",1818,"SANGER","Vincristine","","","Mitosis","vincristine..GDSC2.1818.","STAD_CIN",0.0998840195794517,"Unfavourable"
"66",1849,"SANGER","Sabutoclax","BI-97C1","BCL2,  BCL-XL,  BFL1, MCL1","Apoptosis regulation","BI.97C1..GDSC2.1849.","STAD_CIN",0.264712756024662,"Not significant"
"67",1855,"SANGER","KRAS (G12C) Inhibitor-12","GTPL8020","KRAS (G12C)","ERK MAPK signaling","GTPL8020..GDSC2.1855.","STAD_CIN",-0.254938493049724,"Not significant"
"68",1873,"SANGER","Buparlisib","BKM120, NVP-BKM120","PI3Kalpha, PI3Kdelta, PI3Kbeta, PI3Kgamma","PI3K/MTOR signaling","buparlisib..GDSC2.1873.","STAD_CIN",0.159304357089641,"Unfavourable"
"69",1908,"SANGER","Ulixertinib","BVD-523, VRT752271","ERK1, ERK2","ERK MAPK signaling","BVD.523..GDSC2.1908.","STAD_CIN",0.0332324363539231,"Not significant"
"70",1909,"SANGER","Venetoclax","ABT-199, Veneclexta, GDC-0199","BCL2","Apoptosis regulation","venetoclax..GDSC2.1909.","STAD_CIN",0.0215410551477465,"Not significant"
"71",1910,"SANGER","ABT737","","BCL2, BCL-XL,  BCL-W, BCL-B, BFL1","Apoptosis regulation","ABT737..GDSC2.1910.","STAD_CIN",-0.168431130142194,"Not significant"
"72",1911,"SANGER","Dactinomycin","Actinomycin D, Cosmegen, Lyovac, Meractinomycin, Ac-De, ActD","RNA polymerase","Other","dactinomycin..GDSC2.1911.","STAD_CIN",0.236148633465369,"Unfavourable"
"73",1912,"SANGER","Afuresertib","GSK2110183, GSK2110183C","AKT1, AKT2, AKT3","PI3K/MTOR signaling","GSK2110183C..GDSC2.1912.","STAD_CIN",0.0855619455004051,"Unfavourable"
"74",1915,"SANGER","AZD3759","","EGFR","EGFR signaling","AZD3759..GDSC2.1915.","STAD_CIN",-0.243859281710764,"Favourable"
"75",1916,"SANGER","AZD5363","","AKT1, AKT2, AKT3, ROCK2","Other, kinases","AZD5363..GDSC2.1916.","STAD_CIN",0.211222048521431,"Not significant"
"76",1917,"SANGER","AZD6738","AZD 6738, AZD-6738","ATR","Genome integrity","AZD6738..GDSC2.1917.","STAD_CIN",-0.14539036495056,"Unfavourable"
"77",1918,"SANGER","AZD8186","AZD 8186, AZD-8186","PI3Kalpha, PI3Kbeta","PI3K/MTOR signaling","AZD8186..GDSC2.1918.","STAD_CIN",0.094641988145242,"Unfavourable"
"78",1919,"SANGER","Osimertinib","AZD9291, AZD 9291, AZD-9291, Tagrisso, Mereletinib","EGFR","EGFR signaling","osimertinib..GDSC2.1919.","STAD_CIN",-0.397540521841877,"Favourable"
"79",1924,"SANGER","Ipatasertib","GDC0068, GDC 0068, GDC-0068","AKT1, AKT, AKT3","PI3K/MTOR signaling","GDC.0068..GDSC2.1924.","STAD_CIN",0.055994816533322,"Unfavourable"
"80",1926,"SANGER","GNE-317","GNE317, GNE 317","PI3Kalpha","PI3K/MTOR signaling","GNE317..GDSC2.1926.","STAD_CIN",0.0188431392116898,"Unfavourable"
"81",1927,"SANGER","GSK2578215A","GSK 2578215A,  GSK-2578215A","LRRK2","Other, kinases","GSK2578215A..GDSC2.1927.","STAD_CIN",0.131037929881529,"Not significant"
"82",1930,"SANGER","Telomerase Inhibitor IX","MST-312, MST 312, MST312","Telomerase","Genome integrity","MST.312..GDSC2.1930.","STAD_CIN",0.269813008542195,"Unfavourable"
"83",1932,"SANGER","NVP-ADW742","NVP ADW742, NVPADW742","IGF1R","IGF1R signaling","NVP.ADW742..GDSC2.1932.","STAD_CIN",-0.106947163371108,"Not significant"
"84",1933,"SANGER","P22077","P 22077, P-22077","USP7, USP47","Protein stability and degradation","P22077..GDSC2.1933.","STAD_CIN",-0.231146968836662,"Not significant"
"85",1939,"SANGER","UMI-77","UMI 77, UMI-77","MCL1","Apoptosis regulation","UMI.77..GDSC2.1939.","STAD_CIN",-0.0775740705466853,"Not significant"
"86",1940,"SANGER","WIKI4","WIKI-4, WIKI 4","TNKS1, TNKS2","WNT signaling","WIKI4..GDSC2.1940.","STAD_CIN",-0.204021347833762,"Not significant"
"87",1941,"SANGER","Sepantronium bromide","YM155, YM-155, YM 155","BIRC5","Apoptosis regulation","YM.155..GDSC2.1941.","STAD_CIN",-0.40126813311753,"Not significant"
"88",1996,"SANGER","MIM1","MIM 1, MIM-1","MCL1","Apoptosis regulation","MIM.1..GDSC2.1996.","STAD_CIN",-0.393025771643141,"Not significant"
"89",1997,"SANGER","WEHI-539","WEHI539, WEHI-539","BCL-XL","Apoptosis regulation","WEHI.539..GDSC2.1997.","STAD_CIN",-0.375330236021567,"Not significant"
"90",2044,"SANGER","Pyridostatin","","G-quadruplex stabiliser","DNA replication","Pyridostatin..GDSC2.2044.","STAD_CIN",0.254564359138707,"Unfavourable"
"91",2046,"SANGER","MK-8776","SCH900776","CHEK1, CHEK2, CDK2","Cell cycle","SCH900776..GDSC2.2046.","STAD_CIN",0.103303615165672,"Not significant"
"92",2047,"SANGER","Ulixertinib","BVD-523, VRT752271","ERK1, ERK2","ERK MAPK signaling","BVD.523..GDSC2.2047.","STAD_CIN",-0.156547661780718,"Not significant"
"93",2048,"SANGER","Vinorelbine","vinorelbine tartrate, Navelbine, Exelbine","Microtubule destabiliser","Mitosis","vinorelbine..GDSC2.2048.","STAD_CIN",0.251637031056429,"Unfavourable"
"94",2096,"SANGER","VX-11e","VX11e, VX11e","ERK2","ERK MAPK signaling","VX.11e..GDSC2.2096.","STAD_CIN",0.0549984810455488,"Not significant"
"95",2106,"SANGER","Uprosertib","GSK2141795, GSK2141795C, GSK-2141795","AKT1, AKT2, AKT3","PI3K/MTOR signaling","uprosertib..GDSC2.2106.","STAD_CIN",0.0699116912783031,"Unfavourable"
"96",2109,"SANGER","AZ6102","","TNKS1, TNKS2","WNT signaling","AZ6102..GDSC2.2109.","STAD_CIN",-0.209731719858893,"Not significant"
"97",2111,"SANGER","VE821","VE 821, VE-821","ATR","Genome integrity","VE.821..GDSC2.2111.","STAD_CIN",0.181909335997663,"Unfavourable"
